{"cameraMode":{"drawMode":0,"name":"Shaded","section":"Shading Mode"},"sceneLighting":true,"audioPlay":false,"sceneViewState":{"m_AlwaysRefresh":false,"showFog":true,"showSkybox":true,"showFlares":true,"showImageEffects":true,"showParticleSystems":true,"showVisualEffectGraphs":true,"m_FxEnabled":true},"in2DMode":false,"pivot":{"x":-0.8782657384872437,"y":1.8545286655426026,"z":-0.5587255358695984},"rotation":{"x":-0.06060746684670448,"y":-0.25290146470069888,"z":-0.015869155526161195,"w":0.9654738903045654},"size":1.313246250152588,"orthographic":false}