{"cameraMode":{"drawMode":0,"name":"Shaded","section":"Shading Mode"},"sceneLighting":true,"audioPlay":false,"sceneViewState":{"m_AlwaysRefresh":false,"showFog":true,"showSkybox":true,"showFlares":true,"showImageEffects":true,"showParticleSystems":true,"showVisualEffectGraphs":true,"m_FxEnabled":true},"in2DMode":false,"pivot":{"x":-0.7197607755661011,"y":0.021981824189424516,"z":-1.9132835865020753},"rotation":{"x":-0.16925324499607087,"y":0.8175008296966553,"z":-0.299625962972641,"w":-0.4617953300476074},"size":4.4025983810424809,"orthographic":false}